{"name":"spring2","classpathEntries":[{"kind":"binary","path":"C:\\Program Files\\Java\\jre1.8.0_181\\lib\\resources.jar","javadocContainerUrl":"https://docs.oracle.com/javase/1/docs/api/","isSystem":true,"isOwn":false,"isTest":false,"isJavaContent":false},{"kind":"binary","path":"C:\\Program Files\\Java\\jre1.8.0_181\\lib\\rt.jar","javadocContainerUrl":"https://docs.oracle.com/javase/1/docs/api/","isSystem":true,"isOwn":false,"isTest":false,"isJavaContent":false},{"kind":"binary","path":"C:\\Program Files\\Java\\jre1.8.0_181\\lib\\jsse.jar","javadocContainerUrl":"https://docs.oracle.com/javase/1/docs/api/","isSystem":true,"isOwn":false,"isTest":false,"isJavaContent":false},{"kind":"binary","path":"C:\\Program Files\\Java\\jre1.8.0_181\\lib\\jce.jar","javadocContainerUrl":"https://docs.oracle.com/javase/1/docs/api/","isSystem":true,"isOwn":false,"isTest":false,"isJavaContent":false},{"kind":"binary","path":"C:\\Program Files\\Java\\jre1.8.0_181\\lib\\charsets.jar","javadocContainerUrl":"https://docs.oracle.com/javase/1/docs/api/","isSystem":true,"isOwn":false,"isTest":false,"isJavaContent":false},{"kind":"binary","path":"C:\\Program Files\\Java\\jre1.8.0_181\\lib\\jfr.jar","javadocContainerUrl":"https://docs.oracle.com/javase/1/docs/api/","isSystem":true,"isOwn":false,"isTest":false,"isJavaContent":false},{"kind":"binary","path":"C:\\Users\\acer\\.m2\\repository\\org\\springframework\\spring-core\\5.2.4.RELEASE\\spring-core-5.2.4.RELEASE.jar","sourceContainerUrl":"file:/C:/Users/acer/.m2/repository/org/springframework/spring-core/5.2.4.RELEASE/spring-core-5.2.4.RELEASE-sources.jar","javadocContainerUrl":"file:/C:/Users/acer/.m2/repository/org/springframework/spring-core/5.2.4.RELEASE/spring-core-5.2.4.RELEASE-javadoc.jar","isSystem":false,"isOwn":false,"isTest":false,"isJavaContent":false},{"kind":"binary","path":"C:\\Users\\acer\\.m2\\repository\\org\\springframework\\spring-jcl\\5.2.4.RELEASE\\spring-jcl-5.2.4.RELEASE.jar","sourceContainerUrl":"file:/C:/Users/acer/.m2/repository/org/springframework/spring-jcl/5.2.4.RELEASE/spring-jcl-5.2.4.RELEASE-sources.jar","javadocContainerUrl":"file:/C:/Users/acer/.m2/repository/org/springframework/spring-jcl/5.2.4.RELEASE/spring-jcl-5.2.4.RELEASE-javadoc.jar","isSystem":false,"isOwn":false,"isTest":false,"isJavaContent":false},{"kind":"binary","path":"C:\\Users\\acer\\.m2\\repository\\org\\springframework\\spring-beans\\5.2.4.RELEASE\\spring-beans-5.2.4.RELEASE.jar","sourceContainerUrl":"file:/C:/Users/acer/.m2/repository/org/springframework/spring-beans/5.2.4.RELEASE/spring-beans-5.2.4.RELEASE-sources.jar","isSystem":false,"isOwn":false,"isTest":false,"isJavaContent":false},{"kind":"binary","path":"C:\\Users\\acer\\.m2\\repository\\org\\springframework\\spring-context\\5.2.4.RELEASE\\spring-context-5.2.4.RELEASE.jar","sourceContainerUrl":"file:/C:/Users/acer/.m2/repository/org/springframework/spring-context/5.2.4.RELEASE/spring-context-5.2.4.RELEASE-sources.jar","isSystem":false,"isOwn":false,"isTest":false,"isJavaContent":false},{"kind":"binary","path":"C:\\Users\\acer\\.m2\\repository\\org\\springframework\\spring-aop\\5.2.4.RELEASE\\spring-aop-5.2.4.RELEASE.jar","sourceContainerUrl":"file:/C:/Users/acer/.m2/repository/org/springframework/spring-aop/5.2.4.RELEASE/spring-aop-5.2.4.RELEASE-sources.jar","isSystem":false,"isOwn":false,"isTest":false,"isJavaContent":false},{"kind":"binary","path":"C:\\Users\\acer\\.m2\\repository\\org\\springframework\\spring-expression\\5.2.4.RELEASE\\spring-expression-5.2.4.RELEASE.jar","sourceContainerUrl":"file:/C:/Users/acer/.m2/repository/org/springframework/spring-expression/5.2.4.RELEASE/spring-expression-5.2.4.RELEASE-sources.jar","isSystem":false,"isOwn":false,"isTest":false,"isJavaContent":false},{"kind":"source","path":"C:\\Users\\acer\\eclipse-workspace\\SpringLab1\\src\\main\\java","outputFolder":"C:\\Users\\acer\\eclipse-workspace\\SpringLab1\\target\\classes","javadocContainerUrl":"file:/C:/Users/acer/eclipse-workspace/SpringLab1/target/site/apidocs","isSystem":false,"isOwn":true,"isTest":false,"isJavaContent":true},{"kind":"source","path":"C:\\Users\\acer\\eclipse-workspace\\SpringLab1\\src\\test\\java","outputFolder":"C:\\Users\\acer\\eclipse-workspace\\SpringLab1\\target\\test-classes","javadocContainerUrl":"file:/C:/Users/acer/eclipse-workspace/SpringLab1/target/site/apidocs","isSystem":false,"isOwn":true,"isTest":true,"isJavaContent":true},{"kind":"source","path":"C:\\Users\\acer\\eclipse-workspace\\SpringLab1\\src\\main\\resources","outputFolder":"C:\\Users\\acer\\eclipse-workspace\\SpringLab1\\target\\classes","isSystem":false,"isOwn":true,"isTest":false,"isJavaContent":false},{"kind":"source","path":"C:\\Users\\acer\\eclipse-workspace\\SpringLab1\\src\\test\\resources","outputFolder":"C:\\Users\\acer\\eclipse-workspace\\SpringLab1\\target\\test-classes","isSystem":false,"isOwn":true,"isTest":true,"isJavaContent":false},{"kind":"source","path":"C:\\Users\\acer\\eclipse-workspace\\SpringLab1\\src\\test\\java","outputFolder":"C:\\Users\\acer\\eclipse-workspace\\SpringLab1\\target\\test-classes","javadocContainerUrl":"file:/C:/Users/acer/eclipse-workspace/SpringLab1/target/site/apidocs","isSystem":false,"isOwn":true,"isTest":false,"isJavaContent":false}]}